platform,url,click_count
Facebook,https://accountscenter.facebook.com/profiles/,0
Facebook,https://accountscenter.facebook.com/password_and_security/,0
Facebook,https://accountscenter.facebook.com/info_and_permissions/,0
Facebook,https://accountscenter.facebook.com/ads/,0
Facebook,https://accountscenter.facebook.com/manage/,0
Facebook,https://accountscenter.facebook.com/profiles/61583503087559/,1
Facebook,https://www.facebook.com/device_based_login/?from_accounts_center=1,1
Facebook,https://accountscenter.facebook.com/meta_verified/,1
Facebook,https://accountscenter.facebook.com/info_and_permissions/ayi,1
Facebook,https://accountscenter.facebook.com/profiles/61583503087559/name/,2
Facebook,https://accountscenter.facebook.com/profiles/61583503087559/username/manage/,2
Facebook,https://accountscenter.facebook.com/profiles/61583503087559/photo/manage/,2
Facebook,https://accountscenter.facebook.com/youraccount/birthday/,2
Facebook,https://accountscenter.facebook.com/password_and_security/password/change/,2
Facebook,https://accountscenter.facebook.com/password_and_security/login_activity/,2
Facebook,https://accountscenter.facebook.com/password_and_security/login_alerts/,2
Facebook,https://accountscenter.facebook.com/info_and_permissions/search_history/,2
Facebook,https://accountscenter.facebook.com/info_and_permissions/off_facebook_activity/,2
Facebook,https://accountscenter.facebook.com/ads/ad_topics/,2
Facebook,https://accountscenter.facebook.com/ads/ads_shown_off_meta/,2
Facebook,https://accountscenter.facebook.com/memorialization/select_preference/,2
Facebook,https://accountscenter.facebook.com/youraccount/contact_points/,3
Facebook,https://accountscenter.facebook.com/passkey/management/,3
Facebook,https://accountscenter.facebook.com/password_and_security/two_factor/,3
Facebook,https://accountscenter.facebook.com/info_and_permissions/dyi/,3
Facebook,https://accountscenter.facebook.com/ads,3
Facebook,https://accountscenter.facebook.com/ads/data_from_partners/,3
Facebook,https://accountscenter.facebook.com/ads/social_interactions/,3
Facebook,https://accountscenter.facebook.com/manage/deletion_and_deactivation/,3
Facebook,https://accountscenter.facebook.com/memorialization/select_preference/,3
Facebook,https://accountscenter.facebook.com/ads/audience_based_advertising/,6
Linkedin,https://www.linkedin.com/mypreferences/d/categories/privacy,0
Linkedin,https://www.linkedin.com/mypreferences/d/categories/account,0
Linkedin,https://www.linkedin.com/mypreferences/d/categories/sign-in-and-security,0
Linkedin,https://www.linkedin.com/mypreferences/d/categories/profile-visibility,0
Linkedin,https://www.linkedin.com/mypreferences/d/categories/ads,0
Linkedin,https://www.linkedin.com/mypreferences/d/categories/notifications,0
Linkedin,https://www.linkedin.com/mypreferences/d/manage-data-and-activity,1
Linkedin,https://www.linkedin.com/mypreferences/d/download-my-data,1
Linkedin,https://www.linkedin.com/mypreferences/d/search-history,1
Linkedin,https://www.linkedin.com/mypreferences/d/demographic-info,1
Linkedin,https://www.linkedin.com/mypreferences/d/settings/policy-and-academic-research,1
Linkedin,https://www.linkedin.com/mypreferences/d/settings/data-for-ai-improvement,1
Linkedin,https://www.linkedin.com/mypreferences/d/settings/receive-invitations,1
Linkedin,https://www.linkedin.com/mypreferences/d/settings/choose-invitations-types,1
Linkedin,https://www.linkedin.com/mypreferences/d/settings/who-can-message-me,1
Linkedin,https://www.linkedin.com/mypreferences/d/settings/research-invitations,1
Linkedin,https://www.linkedin.com/mypreferences/d/settings/linkedin-promotions,1
Linkedin,https://www.linkedin.com/mypreferences/d/settings/focused-inbox,1
Linkedin,https://www.linkedin.com/mypreferences/d/settings/read-receipts,1
Linkedin,https://www.linkedin.com/mypreferences/d/settings/suggest-replies,1
Linkedin,https://www.linkedin.com/mypreferences/d/settings/message-nudging,1
Linkedin,https://www.linkedin.com/mypreferences/d/settings/detect-harmful-content,1
Linkedin,https://www.linkedin.com/mypreferences/d/job-seeker/share-profile-with-job-applications,1
Linkedin,https://www.linkedin.com/mypreferences/d/job-seeker/signal-recruiter-for-job-alerts,1
Linkedin,https://www.linkedin.com/mypreferences/d/job-application-accounts,1
Linkedin,https://www.linkedin.com/mypreferences/d/data-sharing-for-permitted-services,1
Linkedin,https://www.linkedin.com/mypreferences/d/settings/use-linkedin-data-in-microsoft-word,1
Linkedin,https://www.linkedin.com/mypreferences/d/demographic-info-copy,1
Linkedin,https://www.linkedin.com/mypreferences/d/verifications,1
Linkedin,https://www.linkedin.com/mypreferences/d/dark-mode,1
Linkedin,https://www.linkedin.com/mypreferences/d/settings/language,1
Linkedin,https://www.linkedin.com/mypreferences/d/language-for-translation,1
Linkedin,https://www.linkedin.com/mypreferences/d/settings/autoplay-videos,1
Linkedin,https://www.linkedin.com/mypreferences/d/settings/enable-sounds-desktop,1
Linkedin,https://www.linkedin.com/mypreferences/d/settings/show-profile-photos,1
Linkedin,https://www.linkedin.com/mypreferences/d/settings/feed-preferences,1
Linkedin,https://www.linkedin.com/mypreferences/d/settings/preferred-view,1
Linkedin,https://www.linkedin.com/mypreferences/d/unfollowed,1
Linkedin,https://www.linkedin.com/mynetwork/settings/manage-syncing/,1
Linkedin,https://www.linkedin.com/mynetwork/settings/manage-syncing/,1
Linkedin,https://www.linkedin.com/premium/products,1
Linkedin,https://www.linkedin.com/manage/purchases-payments/purchases,1
Linkedin,https://www.linkedin.com/mypreferences/d/connected-microsoft-accounts,1
Linkedin,https://www.linkedin.com/mypreferences/d/hibernate-account,1
Linkedin,https://www.linkedin.com/mypreferences/d/close-accounts,1
Linkedin,https://www.linkedin.com/mypreferences/d/manage-email-addresses,1
Linkedin,https://www.linkedin.com/mypreferences/d/manage-phone-numbers,1
Linkedin,https://www.linkedin.com/mypreferences/d/change-password,1
Linkedin,https://www.linkedin.com/mypreferences/d/passkey,1
Linkedin,https://www.linkedin.com/mypreferences/d/user-sessions,1
Linkedin,https://www.linkedin.com/mypreferences/d/remember-me,1
Linkedin,https://www.linkedin.com/mypreferences/d/two-factor-authentication,1
Linkedin,https://www.linkedin.com/mypreferences/d/profile-viewing-options,1
Linkedin,https://www.linkedin.com/mypreferences/d/settings/page-visit-visibility,1
Linkedin,https://www.linkedin.com/public-profile/settings,1
Linkedin,https://www.linkedin.com/mypreferences/d/settings/email-address-visibility,1
Linkedin,https://www.linkedin.com/mypreferences/d/settings/connections-visibility,1
Linkedin,https://www.linkedin.com/mypreferences/d/settings/follower-insight-visibility,1
Linkedin,https://www.linkedin.com/mypreferences/d/last-name-visibility,1
Linkedin,https://www.linkedin.com/mypreferences/d/settings/organization-and-interests,1
Linkedin,https://www.linkedin.com/mypreferences/d/settings/data-export-by-page-admins,1
Linkedin,https://www.linkedin.com/mypreferences/d/settings/profile-visibility-for-partners,1
Linkedin,https://www.linkedin.com/mypreferences/d/settings/discover-me-by-email-address,1
Linkedin,https://www.linkedin.com/mypreferences/d/settings/discover-me-by-phone-number,1
Linkedin,https://www.linkedin.com/mypreferences/d/manage-by-blocked-list,1
Linkedin,https://www.linkedin.com/mypreferences/d/settings/manage-my-active-status,1
Linkedin,https://www.linkedin.com/mypreferences/d/settings/notify-network-for-updates,1
Linkedin,https://www.linkedin.com/mypreferences/d/settings/notify-network-about-my-mentions,1
Linkedin,https://www.linkedin.com/mypreferences/d/settings/notify-me-when-mentioned,1
Linkedin,https://www.linkedin.com/mypreferences/d/settings/followed,1
Linkedin,https://www.linkedin.com/mypreferences/d/settings/ads-connections,1
Linkedin,https://www.linkedin.com/mypreferences/d/settings/ads-companies-followed,1
Linkedin,https://www.linkedin.com/mypreferences/d/settings/ads-based-on-groups,1
Linkedin,https://www.linkedin.com/mypreferences/d/settings/ads-education,1
Linkedin,https://www.linkedin.com/mypreferences/d/settings/ads-job-information,1
Linkedin,https://www.linkedin.com/mypreferences/d/settings/ads-employer,1
Linkedin,https://www.linkedin.com/mypreferences/d/settings/ads-personalization,1
Linkedin,https://www.linkedin.com/mypreferences/d/settings/ads-location,1
Linkedin,https://www.linkedin.com/mypreferences/d/settings/ads-inferred-location,1
Linkedin,https://www.linkedin.com/mypreferences/d/interest-categories,1
Linkedin,https://www.linkedin.com/mypreferences/d/settings/ads-by-age,1
Linkedin,https://www.linkedin.com/mypreferences/d/settings/ads-by-gender,1
Linkedin,https://www.linkedin.com/mypreferences/d/settings/ads-beyond-linkedin,1
Linkedin,https://www.linkedin.com/mypreferences/d/settings/ads-interactions-with-business,1
Linkedin,https://www.linkedin.com/mypreferences/d/settings/ads-related-actions,1
Linkedin,https://www.linkedin.com/mypreferences/d/settings/share-data-with-select-partners,1
Linkedin,https://www.linkedin.com/mypreferences/d/notification-categories/searching-for-a-job,1
Linkedin,https://www.linkedin.com/mypreferences/d/notification-categories/hiring-someone-job-posts,1
Linkedin,https://www.linkedin.com/mypreferences/d/notification-categories/connecting-with-others,1
Linkedin,https://www.linkedin.com/mypreferences/d/notification-categories/network-catch-up-updates,1
Linkedin,https://www.linkedin.com/mypreferences/d/notification-categories/posting-and-commenting,1
Linkedin,https://www.linkedin.com/mypreferences/d/notification-categories/messaging,1
Linkedin,https://www.linkedin.com/mypreferences/d/notification-categories/groups,1
Linkedin,https://www.linkedin.com/mypreferences/d/notification-categories/pages,1
Linkedin,https://www.linkedin.com/mypreferences/d/notification-categories/attending-events,1
Linkedin,https://www.linkedin.com/mypreferences/d/notification-categories/editors-choice,1
Linkedin,https://www.linkedin.com/mypreferences/d/notification-categories/updating-your-profile,1
Linkedin,https://www.linkedin.com/mypreferences/d/notification-categories/verifications-notifications,1
Linkedin,https://www.linkedin.com/mypreferences/d/notification-categories/games-notifications,1
Linkedin,https://www.linkedin.com/mypreferences/d/notification-categories/advertising-notifications,1
Linkedin,https://www.linkedin.com/mypreferences/d/notification-subcategories/job-alerts,2
Linkedin,https://www.linkedin.com/mypreferences/d/notification-subcategories/ai-trainer-project-alerts,2
Linkedin,https://www.linkedin.com/mypreferences/d/notification-subcategories/saved-jobs,2
Linkedin,https://www.linkedin.com/mypreferences/d/notification-subcategories/job-recommendations,2
Linkedin,https://www.linkedin.com/mypreferences/d/notification-subcategories/job-application-updates,2
Linkedin,https://www.linkedin.com/mypreferences/d/notification-subcategories/career-advice,2
Linkedin,https://www.linkedin.com/mypreferences/d/notification-subcategories/search-appearances,2
Linkedin,https://www.linkedin.com/mypreferences/d/notification-subcategories/skill-assessment-recommendations,2
Linkedin,https://www.linkedin.com/mypreferences/d/notification-subcategories/skills-path-updates,2
Linkedin,https://www.linkedin.com/mypreferences/d/notification-subcategories/job-post-updates,2
Linkedin,https://www.linkedin.com/mypreferences/d/notification-subcategories/messages-from-candidates,2
Linkedin,https://www.linkedin.com/mypreferences/d/notification-subcategories/candidate-interviews,2
Linkedin,https://www.linkedin.com/mypreferences/d/notification-subcategories/candidate-recommendations,2
Linkedin,https://www.linkedin.com/mypreferences/d/notification-subcategories/job-referrals,2
Linkedin,https://www.linkedin.com/mypreferences/d/notification-subcategories/reminders-to-claim-jobs,2
Linkedin,https://www.linkedin.com/mypreferences/d/notification-subcategories/invitations-to-connect,2
Linkedin,https://www.linkedin.com/mypreferences/d/notification-subcategories/updates-from-connections,2
Linkedin,https://www.linkedin.com/mypreferences/d/notification-subcategories/new-connection-recommendations,2
Linkedin,https://www.linkedin.com/mypreferences/d/notification-subcategories/new-followers,2
Linkedin,https://www.linkedin.com/mypreferences/d/notification-subcategories/updates-from-people-you-follow,2
Linkedin,https://www.linkedin.com/mypreferences/d/notification-subcategories/new-follow-recommendations,2
Linkedin,https://www.linkedin.com/mypreferences/d/notification-subcategories/profile-views,2
Linkedin,https://www.linkedin.com/mypreferences/d/notification-subcategories/share-lead-updates-with-sales-navigators-user,2
Linkedin,https://www.linkedin.com/mypreferences/d/notification-subcategories/job-change-updates,2
Linkedin,https://www.linkedin.com/mypreferences/d/notification-subcategories/hiring-updates,2
Linkedin,https://www.linkedin.com/mypreferences/d/notification-subcategories/birthday-updates,2
Linkedin,https://www.linkedin.com/mypreferences/d/notification-subcategories/work-anniversary-updates,2
Linkedin,https://www.linkedin.com/mypreferences/d/notification-subcategories/education-updates,2
Linkedin,https://www.linkedin.com/mypreferences/d/notification-subcategories/weekly-catch-up-summary,2
Linkedin,https://www.linkedin.com/mypreferences/d/notification-subcategories/comments-and-reactions,2
Linkedin,https://www.linkedin.com/mypreferences/d/notification-subcategories/shares,2
Linkedin,https://www.linkedin.com/mypreferences/d/notification-subcategories/mentions,2
Linkedin,https://www.linkedin.com/mypreferences/d/notification-subcategories/trending-conversations,2
Linkedin,https://www.linkedin.com/mypreferences/d/notification-subcategories/live-videos,2
Linkedin,https://www.linkedin.com/mypreferences/d/notification-subcategories/newsletters,2
Linkedin,https://www.linkedin.com/mypreferences/d/notification-subcategories/reminders-to-post,2
Linkedin,https://www.linkedin.com/mypreferences/d/notification-subcategories/collaborative-articles,2
Linkedin,https://www.linkedin.com/mypreferences/d/notification-subcategories/content-recommendations,2
Linkedin,https://www.linkedin.com/mypreferences/d/notification-subcategories/direct-messages,2
Linkedin,https://www.linkedin.com/mypreferences/d/notification-subcategories/direct-message-reminders,2
Linkedin,https://www.linkedin.com/mypreferences/d/notification-subcategories/inmail,2
Linkedin,https://www.linkedin.com/mypreferences/d/notification-subcategories/inmail-reminders,2
Linkedin,https://www.linkedin.com/mypreferences/d/notification-subcategories/group-invitations,2
Linkedin,https://www.linkedin.com/mypreferences/d/notification-subcategories/group-updates,2
Linkedin,https://www.linkedin.com/mypreferences/d/notification-subcategories/group-recommendations,2
Linkedin,https://www.linkedin.com/mypreferences/d/notification-subcategories/group-admin-updates,2
Linkedin,https://www.linkedin.com/mypreferences/d/notification-subcategories/page-invitations,2
Linkedin,https://www.linkedin.com/mypreferences/d/notification-subcategories/page-updates,2
Linkedin,https://www.linkedin.com/mypreferences/d/notification-subcategories/activity-on-your-pages,2
Linkedin,https://www.linkedin.com/mypreferences/d/notification-subcategories/page-messaging,2
Linkedin,https://www.linkedin.com/mypreferences/d/notification-subcategories/insights-on-your-pages,2
Linkedin,https://www.linkedin.com/mypreferences/d/notification-subcategories/service-project-updates,2
Linkedin,https://www.linkedin.com/mypreferences/d/notification-subcategories/reviews-for-your-services,2
Linkedin,https://www.linkedin.com/mypreferences/d/notification-subcategories/sponsored-requests,2
Linkedin,https://www.linkedin.com/mypreferences/d/notification-subcategories/invitations,2
Linkedin,https://www.linkedin.com/mypreferences/d/notification-subcategories/reminders,2
Linkedin,https://www.linkedin.com/mypreferences/d/notification-subcategories/event-attendee-updates,2
Linkedin,https://www.linkedin.com/mypreferences/d/notification-subcategories/recommendations,2
Linkedin,https://www.linkedin.com/mypreferences/d/notification-subcategories/event-speaker-invitations,2
Linkedin,https://www.linkedin.com/mypreferences/d/notification-subcategories/event-organizer-updates,2
Linkedin,https://www.linkedin.com/mypreferences/d/notification-subcategories/breaking-news,2
Linkedin,https://www.linkedin.com/mypreferences/d/notification-subcategories/daily-digests,2
Linkedin,https://www.linkedin.com/mypreferences/d/notification-subcategories/custom-news,2
Linkedin,https://www.linkedin.com/mypreferences/d/notification-subcategories/suggested-conversations,2
Linkedin,https://www.linkedin.com/mypreferences/d/notification-subcategories/highlights-from-followed-companies,2
Linkedin,https://www.linkedin.com/mypreferences/d/notification-subcategories/career-and-professional-insights,2
Linkedin,https://www.linkedin.com/mypreferences/d/notification-subcategories/profile-recommendations,2
Linkedin,https://www.linkedin.com/mypreferences/d/notification-subcategories/new-skill-endorsements,2
Linkedin,https://www.linkedin.com/mypreferences/d/notification-subcategories/tips-for-using-linkedin,2
Linkedin,https://www.linkedin.com/mypreferences/d/notification-subcategories/get-verified,2
Linkedin,https://www.linkedin.com/mypreferences/d/notification-subcategories/game-play,2
Linkedin,https://www.linkedin.com/mypreferences/d/notification-subcategories/billing-reminders,2
Linkedin,https://www.linkedin.com/mypreferences/d/notification-subcategories/education-and-best-practices,2
Reddit,https://www.reddit.com/settings/emails,0
Reddit,https://www.reddit.com/settings/account,1
Reddit,https://www.reddit.com/settings/profile,1
Reddit,https://www.reddit.com/settings/privacy,1
Reddit,https://www.reddit.com/settings/preferences,1
Reddit,https://www.reddit.com/settings/notifications,1
X,https://x.com/settings/account,0
X,https://x.com/settings/security_and_account_access,0
X,https://x.com/settings/privacy_and_safety,0
X,https://x.com/settings/notifications,0
X,https://x.com/settings/accessibility_display_and_languages,0
X,https://x.com/settings/your_twitter_data/account,1
X,https://x.com/settings/password,1
X,https://x.com/settings/download_your_data,1
X,https://x.com/settings/deactivate,1
X,https://x.com/settings/security,1
X,https://x.com/settings/apps_and_sessions,1
X,https://x.com/settings/connected_accounts,1
X,https://x.com/settings/delegate,1
X,https://x.com/settings/audience_and_tagging,1
X,https://x.com/settings/your_tweets,1
X,https://x.com/settings/content_you_see,1
X,https://x.com/settings/mute_and_block,1
X,https://x.com/settings/direct_messages,1
X,https://x.com/settings/spaces,1
X,https://x.com/settings/contacts,1
X,https://x.com/settings/about_your_account,1
X,https://x.com/settings/ads_preferences,1
X,https://x.com/settings/off_twitter_activity,1
X,https://x.com/settings/data_sharing_with_business_partners,1
X,https://x.com/settings/location_information,1
X,https://x.com/settings/grok_settings,1
X,https://x.com/settings/notifications/filters,1
X,https://x.com/settings/notifications/preferences,1
X,https://x.com/settings/accessibility,1
X,https://x.com/settings/display,1
X,https://x.com/settings/data,1
X,https://x.com/settings/account/passkey,2
X,https://x.com/settings/account/login_verification,2
X,https://x.com/settings/account/id_verification,2
X,https://x.com/settings/connected_apps,2
X,https://x.com/settings/sessions,2
X,https://x.com/settings/your_twitter_data/login_history,2
X,https://x.com/settings/your_twitter_data/devices,2
X,https://x.com/settings/delegate/groups,2
X,https://x.com/settings/delegate/members,2
X,https://x.com/settings/tagging,2
X,https://x.com/settings/location,2
X,https://x.com/privacytester1/topics,2
X,https://x.com/settings/your_twitter_data/twitter_interests,2
X,https://x.com/settings/explore,2
X,https://x.com/settings/search,2
X,https://x.com/settings/blocked/all,2
X,https://x.com/settings/muted/all,2
X,https://x.com/settings/muted_keywords,2
X,https://x.com/settings/notifications/advanced_filters,2
X,https://x.com/settings/contacts_dashboard,2
X,https://x.com/settings/your_twitter_data/audiences,2
X,https://x.com/settings/your_twitter_data/locations,2
X,https://twitter.com/settings/personalization,2
X,https://x.com/settings/push_notifications,2
X,https://x.com/settings/email_notifications,2
X,https://x.com/settings/autoplay,2
X,https://x.com/settings/languages,2
X,https://x.com/i/flow/passkey_registration,3
X,https://x.com/settings/your_twitter_data,3
X,https://x.com/settings/blocked/imported,3
X,https://x.com/settings/add_muted_keyword,3
X,https://x.com/privacytester1/topics/not_interested,3
X,https://x.com/settings/your_twitter_data/account_history,4
X,https://x.com/settings/your_twitter_data/account_activity,4
X,https://x.com/settings/your_twitter_data/ads,4
X,https://x.com/settings/your_twitter_data/partner_interests,5
